{"玉山县": [118.2397612500,28.6850809600],"鄱阳县": [116.6985135200,29.0086059600],"婺源县": [117.8559906306,29.2517880162],"余干县": [116.6907068600,28.7053153200],"万年县": [117.0531244200,28.6976873500],"德兴市": [117.5867901362,28.9510458415],"弋阳县": [117.4427967100,28.3806669700],"横峰县": [117.5812241138,28.5016846104],"信州区":[117.9567401505,28.4317756721],"上饶县":[117.8999004817,28.4824787357],"广丰县":[118.2030878871,28.4382835647],"铅山县":[117.7021990975,28.2836823501]}